267500,KBSTAR 미국장기국채선물인버스2X(합성 H),S&P U.S. Treasury Bond Futures Excess Return Index
218420,KODEX 미국S&P500에너지(합성),S&P Select Sector Energy Index
304670,KODEX 미국채울트라30년선물인버스(H),S&P Ultra T-Bond Futures Index(ER)
219390,KBSTAR 미국S&P원유생산기업(합성 H),S&P Oil & Gas Exploration & Production Select Industry Index(PR)
291130,ACE 멕시코MSCI(합성),MSCI MEXICO IMI 25/50 Price return Index
391600,ACE 미국친환경그린테마INDXX,Indxx US Green Infrastructure Price return Index
267450,KBSTAR 미국장기국채선물인버스(H),S&P U.S. Treasury Bond Futures Excess Return Index
399580,KBSTAR 글로벌클린에너지S&P,S&P Global Clean Energy Index (Price Return)
305720,KODEX 2차전지산업,FnGuide 2차전지 산업 지수
373530,ARIRANG 신흥국MSCI인버스(합성 H),MSCI EM Index
385510,KODEX K-신재생에너지액티브,FnGuide K-신재생에너지 플러스 지수
252710,TIGER 200선물인버스2X,코스피 200 선물지수
253230,KOSEF 200선물인버스2X,코스피 200 선물지수
253160,ARIRANG 200선물인버스2X,코스피 200 선물지수
252420,KBSTAR 200선물인버스2X,코스피 200 선물지수
252670,KODEX 200선물인버스2X,코스피 200 선물지수
102960,KODEX 기계장비,KRX 기계장비
377990,TIGER Fn신재생에너지,FnGuide 신재생에너지 지수
269530,ARIRANG S&P글로벌인프라,S&P Global Infrastructure Index
409810,KODEX 미국나스닥100선물인버스(H),NASDAQ 100
261110,TIGER 미국달러선물레버리지,미국달러선물지수
123310,TIGER 인버스,코스피 200 선물지수
145670,ACE 인버스,코스피 200 선물지수
225800,KOSEF 미국달러선물레버리지,미국달러선물지수
306520,HANARO 200선물인버스,코스피 200 선물지수
114800,KODEX 인버스,코스피 200 선물지수
253240,KOSEF 200선물인버스,코스피 200 선물지수
261250,KODEX 미국달러선물레버리지,미국달러선물지수
256440,ACE 인도네시아MSCI(합성),MSCI Indonesia Index
252410,KBSTAR 200선물인버스,코스피 200 선물지수
203780,TIGER 미국나스닥바이오,NASDAQ Biotechnology 지수(시장가격지수)
305540,TIGER 2차전지테마,WISE 2차전지 테마 지수
404540,TIGER KRX기후변화솔루션,KRX 기후변화 솔루션지수
404470,HANARO KRX기후변화솔루션,KRX 기후변화 솔루션지수
404260,KODEX KRX기후변화솔루션,KRX 기후변화 솔루션지수
404650,SOL KRX기후변화솔루션,KRX 기후변화 솔루션지수
137610,TIGER 농산물선물Enhanced(H),S&P GSCI Agriculture Enhanced Index(ER)
217780,TIGER 차이나CSI300인버스(합성),CSI 300 Index
403990,KBSTAR KRX기후변화솔루션,KRX 기후변화 솔루션지수
404120,TIMEFOLIO 탄소중립액티브,KRX 기후변화 솔루션지수
196030,ACE 일본TOPIX레버리지(H),TOPIX
287320,KBSTAR 200산업재,코스피 200 산업재
200030,KODEX 미국S&P500산업재(합성),S&P Select Sector Industrial Index
138920,KODEX 콩선물(H),S&P GSCI Soybeans Index(TR)
227550,TIGER 200 산업재,코스피 200 산업재
411060,ACE KRX금현물,KRX 금현물지수
138230,KOSEF 미국달러선물,미국달러선물지수
276000,TIGER 글로벌자원생산기업(합성 H),MorningStar Global Upstream Resources Index(PR)
269420,KODEX S&P글로벌인프라(합성),S&P Global Infrastructure Index
364980,TIGER KRX2차전지K-뉴딜,KRX 2차전지 K-뉴딜지수
261240,KODEX 미국달러선물,미국달러선물지수
299070,ACE 국채선물10년인버스,10년국채선물지수
105010,TIGER 라틴35,BNY Latin America 35 ADR
176950,KODEX 국채선물10년인버스,10년국채선물지수
225030,TIGER 미국S&P500선물인버스(H),S&P 500 Futures Total Return Index
379790,KBSTAR 유로스탁스50(H),EURO STOXX 50 Index
295020,KBSTAR 국채선물10년인버스,10년국채선물지수
329750,TIGER 미국달러단기채권액티브,KIS U.S. TREASURY BOND 0-1Y 지수(총수익)
195930,TIGER 유로스탁스50(합성 H),EURO STOXX 50 Index
309230,ACE 미국WideMoat가치주,MorningStar Wide Moat Focus Index
271060,KODEX 3대농산물선물(H),S&P GSCI Grains Select Index ER
195920,TIGER 일본TOPIX(합성 H),TOPIX
269370,TIGER S&P글로벌인프라(합성),S&P Global Infrastructure Index
248270,TIGER S&P글로벌헬스케어(합성),S&P Global 1200 Health Care Index
334700,KBSTAR 팔라듐선물인버스(H),S&P GSCI Palladium Excess Return Index
397410,KBSTAR 국채선물5년추종인버스,5년 국채선물 추종 지수
332610,ARIRANG 미국단기우량회사채,ICE BofaAML 1-3 Year AAA-A US Corporate Index(총수익지수)
238720,ACE 일본Nikkei225(H),Nikkei 225
251340,KODEX 코스닥150선물인버스,F-코스닥150 지수
299080,ACE 국채선물3년인버스,국채선물지수
250780,TIGER 코스닥150선물인버스,F-코스닥150 지수
139230,TIGER 200 중공업,코스피 200 중공업
291620,KOSEF 코스닥150선물인버스,F-코스닥150 지수
282000,KBSTAR 국고채3년선물인버스,국채선물지수
292770,KODEX 국채선물3년인버스,국채선물지수
291680,KBSTAR 차이나H선물인버스(H),Hang Seng China Enterprises Futures Index(Price Return)
301410,ARIRANG 코스닥150선물인버스,F-코스닥150 지수
385550,KBSTAR KIS단기종합채권(AA-이상)액티브,KIS 단기종합채권지수(AA-이상)(총수익지수)
316300,ACE 싱가포르리츠,Morningstar Singapore REIT Yield Focus Index(PR)
285010,KBSTAR 200중공업,코스피 200 중공업
213610,KODEX 삼성그룹밸류,WISE 삼성그룹 밸류 인덱스
357870,TIGER CD금리투자KIS(합성),KIS CD Index(총수익)
275750,KBSTAR 코스닥150선물인버스,F-코스닥150 지수
273140,KODEX 단기변동금리부채권액티브,KAP 단기변동금리부은행채권지수
272580,TIGER 단기채권액티브,KIS MSB 3M PLUS 지수(총수익)
108450,ACE 삼성그룹섹터가중,MKF SAMs SW
214980,KODEX 단기채권PLUS,KRW Cash PLUS 지수(총수익)
157450,TIGER 단기통안채,KIS 통안채 3개월(총수익)
239660,ARIRANG 우량회사채50 1년,KOBI HALF CREDIT Index(총수익)
363510,SOL KIS단기통안채,KIS 단기통안채 Index(총수익)
196230,KBSTAR 단기통안채,KIS 통안채 5개월 지수(총수익)
185680,KODEX 미국S&P바이오(합성),S&P Biotechnology Select Industry Index
272560,KBSTAR 단기국공채액티브,KIS 종합채권국공채3M~1.5Y지수
390950,HANARO 단기채권액티브,KAP 단기 통안채 지수(총수익)
402970,ACE 미국고배당S&P,Dow Jones U.S. Dividend 100 Price Return Index
153130,KODEX 단기채권,KRW Cash 지수(총수익)
215620,HK S&P코리아로우볼,S&P Korea 저변동성 지수
278620,ARIRANG 단기채권액티브,"KAP 투자적격 크레딧 채권 1년 지수(A- 이상,총수익)"
319640,TIGER 골드선물(H),S&P GSCI Gold Index(TR)
102780,KODEX 삼성그룹,삼성그룹
132030,KODEX 골드선물(H),S&P GSCI Gold Index(TR)
122260,KOSEF 통안채1년,MK 통안채지수(총수익)
130730,KOSEF 단기자금,MK 머니마켓 지수(총수익)
360150,KODEX 코스닥150롱코스피200숏선물,코스닥150 롱 100% 코스피200 숏 100% 선물지수
190620,ACE 단기통안채,KIS MSB 단기지수(총수익)
287300,KBSTAR 200건설,코스피 200 건설
356540,ACE 종합채권(AA-이상)KIS액티브,KIS 종합채권 AA-이상 총수익 지수(Total return Index)
314700,HANARO 농업융복합산업,FnGuide 농업융복합산업 지수(시장가격)
373790,KOSEF 미국방어배당성장나스닥,Nasdaq US Low Volatility Dividend Achievers Index
114260,KODEX 국고채3년,MKF 국고채지수(총수익)
298340,ARIRANG 국채선물3년,국채선물지수
448870,ACE 23-12 회사채(AA-이상)액티브,KIS 크레딧 2312만기형 총수익지수
448880,ACE 24-12 회사채(AA-이상)액티브,KIS 크레딧 2412만기형 총수익지수
414270,ACE G2전기차&자율주행액티브,FactSet US-China Electric&Autonomous Vehicle Price Return Index
446770,ACE 글로벌반도체TOP4 Plus SOLACTIVE,Solactive Global Semiconductor TOP4 Plus Price Return Index
435040,ACE 글로벌브랜드TOP10블룸버그,Bloomberg Global Select Industry Leaders TOP10 Index(PR)
440640,ACE 단기채권알파액티브,KIS 단기채권알파AA-이상 총수익지수
452250,ACE 미국30년국채선물레버리지(합성 H),S&P Ultra T-Bond Futures Index(ER)
438080,ACE 미국S&P500채권혼합액티브,S&P500 and Short-Term Treasury 30/70 Blend Index
438100,ACE 미국나스닥100채권혼합액티브,NASDAQ-100 US T-Bills 30/70 Index
440650,ACE 미국달러단기채권액티브,Bloomberg Short-Term Treasury Total Return Index
448540,ACE 엔비디아채권혼합블룸버그,Bloomberg Blended NVIDIA Equity and Korean Bond Index
433500,ACE 원자력테마딥서치,DeepSearch 원자력테마 지수 (시장가격지수)
447430,ACE 차세대가치주액티브,FnGuide 올라운드 가치주 지수
447660,ARIRANG Apple채권혼합Fn,FnGuide 애플채권혼합 지수
436180,ARIRANG K-유니콘투자기업액티브,FnGuide K-유니콘 투자기업 지수
429740,ARIRANG K리츠Fn,FnGuide 리츠 지수
449450,ARIRANG K방산Fn,FnGuide K-방위산업 지수
433850,ARIRANG TDF2030액티브,Morningstar Korea Lifetime Allocation Moderate 2030 Index (Gross Return)
433860,ARIRANG TDF2040액티브,Morningstar Korea Lifetime Allocation Moderate 2040 Index (Gross Return)
433870,ARIRANG TDF2050액티브,Morningstar Korea Lifetime Allocation Moderate 2050 Index (Gross Return)
433880,ARIRANG TDF2060액티브,Morningstar Korea Lifetime Allocation Moderate 2060 Index (Gross Return)
451600,ARIRANG 국고채30년액티브,KAP 국고채 30년 지수(총수익)
442580,ARIRANG 글로벌D램반도체iSelect,iSelect 글로벌DRAM반도체지수
419650,ARIRANG 글로벌수소&차세대연료전지MV,BlueStar Hydrogen and NextGen Fuel Cell Index (시장가격)
438210,ARIRANG 글로벌인공지능산업MV,BlueStar Artificial Intelligence Index(시장가격)
429760,ARIRANG 미국S&P500,S&P 500
426410,ARIRANG 미국대체투자Top10MV,BlueStar Top 10 US Listed Alternative Asset Managers Index (시장가격)
421320,ARIRANG 우주항공&UAM iSelect,iSelect 우주항공UAM 지수
451000,ARIRANG 종합채권(AA-이상)액티브,"KAP 종합채권지수(AA-이상, 총수익)"
445690,BNK 주주가치액티브,FnGuide 주주가치 지수
448570,FOCUS AI코리아액티브,코스피
448490,HANARO 32-10 국고채액티브,KAP 32-10 국고채 10년 총수익지수
438900,HANARO Fn K-푸드,FnGuide K-푸드 지수 (시장가격)
441540,HANARO Fn조선해운,FnGuide 조선해운지수
432850,HANARO 글로벌백신치료제MSCI,MSCI World IMI Virology Select Index
448510,HANARO 글로벌신재생에너지MSCI(합성),MSCI ACWI IMI New Energy ESG Filtered (Price Return)
424460,HANARO 글로벌워터MSCI(합성),MSCI ACWI IMI Water ESG Filtered (Price Return)
432840,HANARO 미국S&P500,S&P 500
419170,HANARO 미국메타버스iSelect,iSelect US 메타버스 지수(시장가격)
434730,HANARO 원자력iSelect,iSelect 원자력지수 (시장가격)
448590,KBSTAR 23-11 회사채(AA-이상)액티브,KIS 2023년 만기도래 크레딧 종합채권 지수(AA-이상)(시장가격)
448600,KBSTAR 25-11 회사채(AA-이상)액티브,KIS 2025년 만기도래 크레딧 종합채권 지수(AA-이상)(시장가격)
422420,KBSTAR 2차전지액티브,iSelect 2차전지 지수 (시장가격지수)
427110,KBSTAR Fn창업투자회사,FnGuide 창업투자회사 지수(시장가격지수)
427120,KBSTAR Fn플랫폼테마,FnGuide 플랫폼테마 지수(시장가격지수)
442550,KBSTAR TDF2030액티브,iSelect 전략적자산배분 TDF 2030 지수
442560,KBSTAR TDF2040액티브,iSelect 전략적자산배분 TDF 2040 지수
442570,KBSTAR TDF2050액티브,iSelect 전략적자산배분 TDF 2050 지수
432600,KBSTAR 국채선물3년,국채선물지수
437370,KBSTAR 글로벌농업경제MV,MVIS Global Agribusiness Index(Price Return)
417450,KBSTAR 글로벌수소경제Indxx,Indxx Hydrogen Economy Index (Net Total Return)
442320,KBSTAR 글로벌원자력iSelect,iSelect 글로벌원자력 지수(시장가격)
437350,KBSTAR 미국단기투자등급회사채액티브,Bloomberg US Corporate 1-5 Years Total Return Index
449580,KBSTAR 미국빅데이터Top3채권혼합iSelect,iSelect 미국 빅데이터Top3 채권혼합지수(Price Return)
446700,KBSTAR 배터리 리사이클링iSelect,iSelect 배터리 리사이클링 지수
448630,KBSTAR 삼성그룹Top3채권혼합블룸버그,Bloomberg Blended Samsung Group Fixed Top 3 Equity and Korean Bond Index
448310,KODEX 23-12 국고채액티브,KAP 23-12 국고채 총수익지수
448320,KODEX 23-12 은행채(AA+이상)액티브,KAP 23-12 은행채 총수익지수
439860,KODEX ESG종합채권(A-이상)액티브,"KAP ESG 종합채권지수(A- 이상, 총수익)"
445290,KODEX K-로봇액티브,iSelect K-로봇테마 지수
445150,KODEX K-친환경선박액티브,FnGuide K-친환경 선박 지수
423160,KODEX KOFR금리액티브(합성),KOFR 지수
433970,KODEX TDF2030액티브,Samsung Korea Target Date 2030 Index (Price Return)
433980,KODEX TDF2040액티브,Samsung Korea Target Date 2040 Index (Price Return)
434060,KODEX TDF2050액티브,Samsung Korea Target Date 2050 Index (Price Return)
439870,KODEX 국고채30년액티브,KAP 국고채 30년 총수익 지수
428560,KODEX 미국ETF산업Top10 Indxx,Indxx US ETF Industry Top10 Index(Price Return)
449180,KODEX 미국S&P500(H),S&P 500
449190,KODEX 미국나스닥100(H),NASDAQ 100
441640,KODEX 미국배당프리미엄액티브,S&P 500
437080,KODEX 미국종합채권SRI액티브(H),Bloomberg MSCI US Aggregate 2bn ex Securitized SRI Capped Index(Total Return)
419420,KODEX 미국클린에너지나스닥,Nasdaq Clean Edge Green Energy Index (Price Return)
448330,KODEX 삼성전자채권혼합Wise,Wise 삼성전자채권혼합 지수
437070,KODEX 아시아달러채권SRI플러스액티브,Bloomberg MSCI EM Asia Investment Grade Credit SRI Index(Total Return)
446690,KODEX 아시아반도체공급망exChina액티브,iSelect 아시아반도체 제조동맹 지수(시장가격)
419430,KODEX 차이나2차전지MSCI(합성),MSCI China all shares IMI Select Batteries Index(Price Return)
428510,KODEX 차이나메타버스액티브,Bloomberg Greater China Media & Tech Index(Price Return)
450190,KODEX 한중반도체(합성),KRX CSI 한·중 반도체지수
450180,KODEX 한중전기차(합성),KRX CSI 한·중 전기차지수
450120,KOSEF SK그룹대표주,FnGuide SK그룹대표주 지수
430500,KOSEF 물가채KIS,KIS TIPS 지수(총수익)
426330,KOSEF 미국ETF산업STOXX,STOXX USA ETF Industry Index (KRW)
449770,KOSEF 미국S&P500,S&P 500
449780,KOSEF 미국S&P500(H),S&P 500
441330,KOSEF 차이나A50커넥트MSCI,MSCI China A50 Connect Index
445930,KOSEF 차이나A50커넥트레버리지MSCI(합성H),MSCI China A50 Connect Index
445950,KOSEF 차이나A50커넥트인버스MSCI(합성 H),MSCI China A50 Connect Index
451060,KTOP K200액티브,코스피 200
449540,SOL 24-06 국고채액티브,KAP 24-06 무위험채권 총수익 지수
444200,SOL KEDI메가테크액티브,KEDI 메가테크지수(PR)
438570,SOL 국고채10년,KAP 국고채10년지수(총수익지수)
438560,SOL 국고채3년,KAP 국고채3년지수(총수익지수)
433330,SOL 미국S&P500,S&P 500
447620,SOL 미국TOP5채권혼합40 Solactive,Solactive US TOP5 Balanced40 Index
446720,SOL 미국배당다우존스,Dow Jones U.S. Dividend 100 Price Return Index
436140,SOL 종합채권(AA-이상)액티브,"KAP K-종합채권지수(AA-이상, 총수익)"
450910,SOL 코스닥150,코스닥 150
423170,SOL 한국형글로벌반도체액티브,S&P Global Semiconductor Korea Tilted Index(PR)
429980,SOL 한국형글로벌전기차&2차전지액티브,FactSet Global Electric Vehicle and Rechargeable Battery Korea-Tilted Index(PR)
429990,SOL 한국형글로벌플랫폼&메타버스액티브,Dow Jones Internet Korea Tilted Index(PR)
447780,TIGER 23-12 국공채액티브,KIS 국공채 2312만기형 지수(총수익지수)
447820,TIGER 24-10 회사채(A+이상)액티브,KIS 회사채 2410만기형 지수(총수익지수)
417630,TIGER KEDI혁신기업ESG30,KEDI 혁신기업ESG30 지수(시장가격 지수)
449170,TIGER KOFR금리액티브(합성),KOFR 지수
445910,TIGER MKF배당귀족,MKF 배당귀족 지수(시장가격지수)
451530,TIGER 국고채30년스트립액티브,KIS STRIP 30Y Index(총수익지수)
440340,TIGER 글로벌멀티에셋TIF액티브,INDXX 멀티에셋인컴 지수(시장가격 지수)
418670,TIGER 글로벌사이버보안INDXX,Indxx Cybersecurity 지수 (총수익)
448290,TIGER 미국S&P500TR(H),S&P 500 Total Return Index
429000,TIGER 미국S&P500배당귀족,S&P 500 Dividend Aristocrats 지수 (Price Return)
448300,TIGER 미국나스닥100TR(H),NASDAQ-100 Total Return Index
435420,TIGER 미국나스닥100TR채권혼합Fn,FnGuide 나스닥100 채권혼합 지수(총수익 지수)
418660,TIGER 미국나스닥100레버리지(합성),NASDAQ 100
441680,TIGER 미국나스닥100커버드콜(합성),Cboe Nasdaq-100 BuyWrite V2 지수 (Total Return)
429010,TIGER 미국나스닥넥스트100,Nasdaq Next Generation 100 지수 (Price Return)
423920,TIGER 미국필라델피아반도체레버리지(합성),PHLX Semiconductor Sector Index
451540,TIGER 종합채권(AA-이상)액티브,KIS 종합채권 AA-이상 총수익 지수(Total return Index)
438320,TIGER 차이나항셍테크레버리지(합성 H),Hang Seng TECH Index
447770,TIGER 테슬라채권혼합Fn,FnGuide 테슬라채권혼합 지수
438330,TIGER 투자등급회사채액티브,KIS 투자등급회사채 지수(총수익)
449690,TIGER 한중반도체(합성),KRX CSI 한·중 반도체지수
449680,TIGER 한중전기차(합성),KRX CSI 한·중 전기차지수
441800,TIMEFOLIO Korea플러스배당액티브,코스피 200
426020,TIMEFOLIO 미국S&P500액티브,S&P 500
426030,TIMEFOLIO 미국나스닥100액티브,NASDAQ 100
433250,UNICORN R&D 액티브,코스피 200
422260,VITA MZ소비액티브,FnGuide MZ 소비 지수
448100,WOORI 200,코스피 200
426150,WOORI 대한민국국고채액티브,KAP 한국 국고채 총수익 지수
444490,WOORI 미국S&P500,S&P 500
440910,WOORI 미국S&P우주항공&디펜스,S&P Aerospace & Defense Select Industry Index(PR)
434960,대신343 K200,코스피 200
438740,마이다스 KoreaStock중소형액티브,코스피 중형주
442260,마이티 다이나믹퀀트액티브,코스피 200
433220,에셋플러스 글로벌대장장이액티브,S&P 500
451150,에셋플러스 글로벌영에이지액티브,S&P 500
442090,에셋플러스 코리아대장장이액티브,FnGuide 대장장이 지수(Price Return)
435530,히어로즈 TDF2030액티브,Dow Jones Target 2030 Index (Total Return)
435540,히어로즈 TDF2040액티브,Dow Jones Target 2040 Index (Total Return)
435550,히어로즈 TDF2050액티브,Dow Jones Target 2050 Index (Total Return)
437550,히어로즈 글로벌리츠이지스액티브,S&P Global REIT Index
419890,히어로즈 단기채권ESG액티브,KIS ESG 9M~1.5Y
429870,히어로즈 리츠이지스액티브,iSelect 리츠 지수
136340,KBSTAR 중기우량회사채,KOBI 크레딧 지수(총수익)
245340,TIGER 미국다우존스30,Dow Jones Industrial Average
139220,TIGER 200 건설,코스피 200 건설
139320,TIGER 금은선물(H),S&P GSCI Precious Metals Index(TR)
131890,ACE 삼성그룹동일가중,MKF SAMs EW 지수
272570,KBSTAR 중장기국공채액티브,KIS 종합채권국공채4~5Y지수
336160,KBSTAR 금융채액티브,KIS 종합채권금융채 2.5Y-3Y 지수 (총수익)
412570,TIGER KRX2차전지K-뉴딜레버리지,KRX 2차전지 K-뉴딜지수
354350,HANARO 글로벌럭셔리S&P(합성),S&P Global Luxury Index
397420,KBSTAR 국채선물5년추종,5년 국채선물 추종 지수
385540,KBSTAR KIS종합채권(A-이상)액티브,KIS 종합채권 지수(A-이상)(총수익지수)
272910,ACE 중장기국공채액티브,KIS 종합채권국공채1-10Y지수
150460,TIGER 중국소비테마,FnGuide 중국내수테마 지수
322410,HANARO 고배당,FnGuide 고배당 알파 지수
273130,KODEX 종합채권(AA-이상)액티브,KAP 한국종합채권지수
114470,KOSEF 국고채3년,KTB INDEX(시장가격)
213630,ARIRANG 미국다우존스고배당주(합성 H),Dow Jones U.S Select Dividend Index(시장가격지수)
251600,ARIRANG 고배당주채권혼합,FnGuide 고배당 채권혼합 지수
237370,KODEX 배당성장채권혼합,배당성장채권혼합지수
182490,TIGER 단기선진하이일드(합성 H),Markit iBoxx USD Liquid High Yield 0-5 year 지수
114100,KBSTAR 국고채3년,KTB INDEX(시장가격)
114820,TIGER 국채3년,KTB INDEX(시장가격)
114460,ACE 국고채3년,KTB INDEX(시장가격)
342140,ACE 싱가포르리츠채권혼합모닝스타,Morningstar Singapore REIT Yield Focus Income Protection Index
280940,KODEX 골드선물인버스(H),S&P GSCI GOLD Index Excess Return
237440,TIGER 경기방어채권혼합,경기방어소비재 채권혼합 지수
238670,ARIRANG 스마트베타Quality채권혼합,WISE-KAP 스마트베타 Quality 채권혼합지수
138520,TIGER 삼성그룹펀더멘털,MKF SAMs FW
329660,KODEX TRF5050,FnGuide TRF 5050 지수
278420,ARIRANG ESG우수기업,WISE ESG우수기업 지수
352540,KODEX TSE일본리츠(H),Tokyo Stock Exchange REIT Index
140700,KODEX 보험,KRX 보험
385600,ACE 친환경자동차밸류체인액티브,FnGuide 친환경 자동차 밸류체인 지수
381570,HANARO Fn친환경에너지,FnGuide 친환경에너지 지수 (시장가격)
329670,KODEX TRF7030,FnGuide TRF 7030 지수
174350,TIGER 로우볼,FnGuide Low Vol 지수
360140,KODEX 200롱코스닥150숏선물,코스피200 롱 100% 코스닥150 숏 100% 선물지수
117680,KODEX 철강,KRX 철강
373490,KODEX K-이노베이션액티브,FnGuide K-이노베이션 지수
395290,HANARO Fn K-POP&미디어,FnGuide K-POP & 미디어 지수
395170,KODEX Fn Top10동일가중,FnGuide TOP10 동일가중 지수
302190,TIGER 중장기국채,KIS 국채 3-10년 지수(시장가격지수)
251590,ARIRANG 고배당저변동50,FnGuide 고배당저변동50 지수
354240,KBSTAR 미국고정배당우선증권ICE TR,ICE BofAML Core Plus Fixed Rate Preferred Securities Index
251350,KODEX 선진국MSCI World,MSCI World
152380,KODEX 국채선물10년,10년국채선물지수
329650,KODEX TRF3070,FnGuide TRF 3070 지수
381560,HANARO Fn전기&수소차,FnGuide 전기&수소차 지수 (시장가격)
225130,ACE 골드선물 레버리지(합성 H),S&P GSCI GOLD Index Excess Return
411860,KOSEF 독일DAX,DAX Index(PR)
379800,KODEX 미국S&P500TR,S&P 500 Total Return Index
280930,KODEX 미국러셀2000(H),FTSE Russell 2000 Index
227570,TIGER 우량가치,FnGuide 퀄리티밸류 지수
295000,KBSTAR 국채선물10년,10년국채선물지수
289670,ARIRANG 국채선물10년,10년국채선물지수
290080,KBSTAR 200고배당커버드콜ATM,코스피 200 고배당커버드콜 ATM 지수(시장가격지수)
148070,KOSEF 국고채10년,KIS 10년 국고채 지수 (총수익)
183700,KBSTAR 채권혼합,주식국채혼합(채권형)지수
130680,TIGER 원유선물Enhanced(H),S&P GSCI Crude Oil Enhanced Index ER
285020,KBSTAR 200철강소재,코스피 200 철강/소재
101280,KODEX 일본TOPIX100,TOPIX100
161510,ARIRANG 고배당주,FnGuide 배당주 지수
363570,KODEX 장기종합채권(AA-이상)액티브KAP,"KAP 한국장기종합채권지수(AA-이상, 총수익)"
411540,SOL 200 Top10,코스피 200 Top 10 지수
360200,ACE 미국S&P500,S&P 500
144600,KODEX 은선물(H),S&P GSCI Silver Index(TR)
379780,KBSTAR 미국S&P500,S&P 500
307520,TIGER 지주회사,FnGuide 지주회사 지수
367770,KBSTAR Fn수소경제테마,FnGuide 수소 경제 테마 지수
360750,TIGER 미국S&P500,S&P 500
365780,ACE 국고채10년,KIS 10년 국고채 지수 (총수익)
319870,KBSTAR KRX300미국달러선물혼합,KRX 300 미국달러 선물혼합지수
261220,KODEX WTI원유선물(H),S&P GSCI Crude Oil Index ER
253290,KBSTAR 헬스케어채권혼합,FnGuide 헬스케어 채권혼합 지수
139660,KOSEF 미국달러선물인버스,미국달러선물지수
192720,파워 고배당저변동성,코스피 200 고배당지수
415920,ARIRANG 글로벌희토류전략자원기업MV,MVIS Global Rare Earth/Strategic Metals Index (Price Return)
261270,KODEX 미국달러선물인버스,미국달러선물지수
279540,KODEX 최소변동성,KRX 최소변동성지수
139240,TIGER 200 철강소재,코스피 200 철강/소재
228790,TIGER 화장품,WISE 화장품 지수
364690,KODEX 혁신기술테마액티브,코스피
390390,KODEX 미국반도체MV,MVIS US Listed Semiconductor 25 Index
138540,TIGER 현대차그룹+펀더멘털,MKF 현대차그룹+ FW
407310,HANARO 200 TOP10,코스피 200 Top 10 지수
225050,TIGER 유로스탁스레버리지(합성 H),EURO STOXX 50 Index
139280,TIGER 경기방어,코스피 200 경기방어소비재
266550,ARIRANG 중형주저변동50,FnGuide 중형주저변동50지수
279530,KODEX 고배당,FnGuide 고배당 Plus 지수
252000,TIGER 200동일가중,코스피 200 동일가중지수
117460,KODEX 에너지화학,KRX 에너지화학
399110,SOL 미국S&P500ESG,S&P500 ESG(PR)
266410,KODEX 필수소비재,KRX 필수소비재
284990,KBSTAR 200에너지화학,코스피 200 에너지/화학
285690,FOCUS ESG리더스,KRX ESG Leaders 150
227560,TIGER 200 생활소비재,코스피 200 생활소비재
305080,TIGER 미국채10년선물,S&P 10-Year U.S. Treasury Note Futures(ER)
375270,KBSTAR 글로벌데이터센터리츠나스닥(합성),Kelly Data Center & Tech Infrastructure Net Total Return Index
368190,HANARO Fn K-뉴딜디지털플러스,FnGuide K-뉴딜 디지털 플러스 지수
200250,KOSEF 인도Nifty50(합성),Nifty 50 Index
368680,KODEX Fn K-뉴딜디지털플러스,FnGuide K-뉴딜 디지털 플러스 지수
368200,KBSTAR Fn K-뉴딜디지털플러스,FnGuide K-뉴딜 디지털 플러스 지수
308620,KODEX 미국채10년선물,S&P 10-Year U.S. Treasury Note Futures KRW(ER)
140580,KBSTAR 우량업종,MKF 우량업종대표주 지수
160580,TIGER 구리실물,S&P GSCI Cash Copper Index
241180,TIGER 일본니케이225,Nikkei 225
117700,KODEX 건설,KRX 건설
403790,마이다스 KoreaStock액티브,코스피
365040,TIGER AI코리아그로스액티브,코스피
388280,KBSTAR Fn컨택트대표,FnGuide 컨택트대표 지수(시장가격지수)
139250,TIGER 200 에너지화학,코스피 200 에너지/화학
287330,KBSTAR 200생활소비재,코스피 200 생활소비재
333970,ARIRANG KS밸류가중TR,FnGuide KS 밸류 가중 TR 지수
284430,KODEX 200미국채혼합,코스피 200 미국채 혼합지수
140570,KBSTAR 수출주,MKF 수출주 지수
394670,TIGER 글로벌리튬&2차전지SOLACTIVE(합성),Solactive Global Lithium 지수(Net Total Return)
244670,KODEX 밸류Plus,FnGuide 벨류 Plus 지수
226380,ACE Fn성장소비주도주,FnGuide 성장소비주도 지수
281990,KBSTAR 중소형고배당,FnGuide 중소형고배당포커스 지수
413220,SOL 차이나태양광CSI(합성),CSI Photovoltaic Industry Index(PR)
331910,KOSEF Fn중소형,FnGuide-키움 스마트 중소형주 지수
284980,KBSTAR 200금융,코스피 200 금융
394660,TIGER 글로벌자율주행&전기차SOLACTIVE,Solactive Autonomous & Electric Vehicles 지수(Net Total Return)
325020,KODEX 배당가치,FnGuide SLV 배당가치 지수
252650,KODEX 200동일가중,코스피 200 동일가중지수
269540,ARIRANG 미국S&P500(H),S&P 500
276970,KODEX 미국S&P500배당귀족커버드콜(합성 H),S&P500 Dividend Aristocrats Covered Call(7.2% Premium) Index
359210,KODEX 코스피TR,코스피 TR
228800,TIGER 여행레저,WISE 여행레저 지수
333940,ARIRANG KS로우볼가중TR,FnGuide KS 로우볼 가중 TR 지수
295820,ARIRANG 200동일가중,코스피 200 동일가중지수
223190,KODEX 200가치저변동,코스피 200 가치저변동성
167860,KOSEF 국고채10년레버리지,KIS 10년 국고채 지수 (총수익)
266160,KBSTAR 고배당,FnGuide 고배당포커스 지수
104530,KOSEF 고배당,MKF 웰스 고배당20
252720,KBSTAR 모멘텀밸류,FnGuide 모멘텀&밸류 지수
387280,TIGER 퓨처모빌리티액티브,FnGuide 퓨처모빌리티 지수
139270,TIGER 200 금융,코스피 200 금융
183710,KBSTAR 주식혼합,주식국채혼합(주식형)지수
315960,KBSTAR 대형고배당10TR,WISE 대형고배당10 TR 지수
337140,KODEX 코스피대형주,코스피 대형주
195970,ARIRANG 선진국MSCI(합성 H),MSCI EAFE Index
328370,ARIRANG 코스피TR,코스피 TR
276990,KODEX 글로벌4차산업로보틱스(합성),ROBO Global Robotics & Automation UCITS Price Return Index
371470,TIGER 차이나바이오테크SOLACTIVE,Solactive China Biotech Index(Net Total Return)
381180,TIGER 미국필라델피아반도체나스닥,PHLX Semiconductor Sector Index
99140,KODEX 차이나H,Hang Seng China H
275980,TIGER 글로벌4차산업혁신기술(합성 H),MorningStar Exponential Technologies Index(PR)
277640,TIGER 코스피대형주,코스피 대형주
139290,TIGER 200 경기소비재,코스피 200 경기소비재
205720,ACE 일본TOPIX인버스(합성 H),TOPIX
278540,KODEX MSCI Korea TR,MSCI Korea TR Index
226980,KODEX 200 중소형,코스피 200 중소형주지수
346000,HANARO KAP초장기국고채,KAP 초장기 국고채 지수(총수익)
278530,KODEX 200TR,코스피 200 TR
332500,ACE 200TR,코스피 200 TR
391680,HK 하이볼액티브,코스피 200
310960,TIGER 200TR,코스피 200 TR
143850,TIGER 미국S&P500선물(H),S&P 500 Futures Index(ER)
294400,KOSEF 200TR,코스피 200 TR
287310,KBSTAR 200경기소비재,코스피 200 경기소비재
332930,HANARO 200TR,코스피 200 TR
310970,TIGER MSCI Korea TR,MSCI Korea TR Index
332940,HANARO MSCI Korea TR,MSCI Korea TR Index
292560,TIGER 일본엔선물,엔선물지수
361580,KBSTAR 200TR,코스피 200 TR
219480,KODEX 미국S&P500선물(H),S&P 500 Futures Total Return Index
295040,SOL 200TR,코스피 200 TR
228810,TIGER 미디어컨텐츠,WISE 미디어컨텐츠 지수
227540,TIGER 200 헬스케어,코스피 200 헬스케어
261920,ACE 필리핀MSCI(합성),MSCI Philippines IMI Index
337120,KODEX Fn멀티팩터,FnGuide 멀티팩터 지수
226490,KODEX 코스피,코스피
322130,ACE 스마트로우볼,FnGuide 스마트 로우볼 지수
302450,KBSTAR 코스피,코스피
400570,KODEX 유럽탄소배출권선물ICE(H),ICE EUA Carbon Futures Index(Excess Return)
277630,TIGER 코스피,코스피
147970,TIGER 모멘텀,FnGuide 모멘텀 지수
91170,KODEX 은행,KRX 은행
105780,KBSTAR 5대그룹주,MKF 5대그룹주
333950,ARIRANG KS로우사이즈가중TR,FnGuide KS 로우사이즈 가중 TR 지수
104520,KOSEF 블루칩,MKF 블루칩
228820,TIGER KTOP30,KTOP 30
143460,ACE 밸류대형,FnGuide-RAFI 코리아 대형 지수
234310,KBSTAR V&S셀렉트밸류,FnGuide 셀렉트 밸류 지수
413930,WOORI AI ESG액티브,MK-iSelect AI ESG 지수(시장가격지수)
138530,TIGER LG그룹+펀더멘털,MKF LG그룹+ FW
400580,SOL 유럽탄소배출권선물S&P(H),S&P GSCI Carbon Emission Allowances(EUA)(EUR)ER
305050,ACE 코스피,코스피
91180,KODEX 자동차,KRX 자동차
337150,KODEX 200exTOP,코스피 200 초대형제외 지수
91220,TIGER 은행,KRX 은행
236350,TIGER 인도니프티50레버리지(합성),Nifty 50 Index
337160,KODEX 200ESG,코스피 200 ESG 지수
410870,TIMEFOLIO K컬처액티브,FnGuide K-컬처 지수
156080,KODEX MSCI Korea,MSCI Korea Index
396510,TIGER 차이나클린에너지SOLACTIVE,Solactive China Clean Energy 지수(Net Total Return)
241390,KBSTAR V&S셀렉트밸류채권혼합,FnGuide 셀렉트벨류 채권혼합지수
322120,ACE 스마트퀄리티,FnGuide 스마트 퀄리티 지수
275280,KODEX MSCI모멘텀,MSCI Korea IMI Momentum Capped
322150,ACE 스마트하이베타,FnGuide 스마트 하이베타 지수
289040,KODEX MSCI KOREA ESG유니버설,MSCI Korea ESG Universal Capped Index
379810,KODEX 미국나스닥100TR,NASDAQ-100 Total Return Index
227830,ARIRANG 코스피,코스피
137930,마이다스 200커버드콜5%OTM,코스피 200 커버드콜 5% OTM
400590,SOL 글로벌탄소배출권선물IHS(합성),IHS Markit Global Carbon Index(Total Return)
229720,KODEX KTOP30,KTOP 30
375770,KODEX 탄소효율그린뉴딜,KRX/S&P 탄소효율 그린뉴딜지수
169950,KODEX 차이나A50,FTSE China A50 Index
245360,TIGER 차이나HSCEI,Hang Seng China H
117690,TIGER 차이나항셍25,Hang Seng China (Hong Kong-listed) 25 Index
210780,TIGER 코스피고배당,코스피 고배당 50
237350,KODEX 코스피100,코스피 100
394350,KOSEF 릭소글로벌퓨처모빌리티MSCI,MSCI ACWI IMI 퓨처모빌리티 ESG 지수(시장가격)
140710,KODEX 운송,KRX 운송
292730,FOCUS KRX300,KRX 300
211900,KODEX 배당성장,코스피 배당성장 50
367380,ACE 미국나스닥100,NASDAQ 100
211560,TIGER 배당성장,코스피 배당성장 50
105190,ACE 200,코스피 200
289250,TIGER MSCI KOREA ESG유니버설,MSCI Korea ESG Universal Index
292190,KODEX KRX300,KRX 300
133690,TIGER 미국나스닥100,NASDAQ 100
368590,KBSTAR 미국나스닥100,NASDAQ 100
277540,ACE 아시아TOP50S&P,S&P ASIA50 Price Return Index
376410,TIGER 탄소효율그린뉴딜,KRX/S&P 탄소효율 그린뉴딜지수
100910,KOSEF KRX100,KRX 100
293180,HANARO 200,코스피 200
102110,TIGER 200,코스피 200
69660,KOSEF 200,코스피 200
309210,ARIRANG KRX300헬스케어,KRX300 헬스케어
326230,KBSTAR 내수주플러스,FnGuide 내수주플러스 지수
272230,ACE 스마트밸류,FnGuide 스마트 밸류 지수
69500,KODEX 200,코스피 200
189400,ARIRANG 글로벌MSCI(합성 H),MSCI ACWI Index
145850,TREX 펀더멘탈 200,FnGuide-RAFI 코리아200 지수
401590,HANARO 글로벌탄소배출권선물ICE(합성),ICE Global Carbon Futures Index(Excess Return)
152100,ARIRANG 200,코스피 200
376250,ARIRANG 탄소효율그린뉴딜,KRX/S&P 탄소효율 그린뉴딜지수
270800,KBSTAR KQ고배당,FnGuide KQ고배당포커스 지수
363580,KODEX 200IT TR,코스피200 정보기술 TR
168300,KTOP 코스피50,코스피 50
387270,TIGER 글로벌BBIG액티브,NASDAQ 100
385520,KODEX K-미래차액티브,FnGuide K-미래차 지수
153270,KOSEF 코스피100,코스피 100
407160,MASTER 테크미디어텔레콤액티브,FnGuide TMT 지수
292050,KBSTAR KRX300,KRX 300
275290,KODEX MSCI밸류,MSCI Korea IMI Enhanced Value Capped
292160,TIGER KRX300,KRX 300
138910,KODEX 구리선물(H),S&P GSCI North American Copper Index(TR)
148020,KBSTAR 200,코스피 200
292750,ARIRANG KRX300,KRX 300
375760,HANARO 탄소효율그린뉴딜,KRX/S&P 탄소효율 그린뉴딜지수
341850,TIGER 리츠부동산인프라채권TR KIS,KIS 리츠부동산인프라채권TR 지수
333980,ARIRANG KS퀄리티가중TR,FnGuide KS 퀄리티 가중 TR 지수
277650,TIGER 코스피중형주,코스피 중형주
230480,KOSEF 미국달러선물인버스2X,미국달러선물지수
261120,TIGER 미국달러선물인버스2X,미국달러선물지수
261260,KODEX 미국달러선물인버스2X,미국달러선물지수
301440,ARIRANG 코스피중형주,코스피 중형주
220130,SOL 차이나강소기업CSI500(합성 H),CSI 500 지수
122090,ARIRANG 코스피50,코스피 50
292500,SOL KRX300,KRX 300
266390,KODEX 경기소비재,KRX 경기소비재
285000,KBSTAR 200IT,코스피 200 정보기술
252730,KBSTAR 모멘텀로우볼,FnGuide 모멘텀&로우볼 지수
304760,HANARO KRX300,KRX 300
232080,TIGER 코스닥150,코스닥 150
332620,ARIRANG 미국장기우량회사채,ICE BofaAML 15+ Year AAA-A US Corporate Index(총수익지수)
139260,TIGER 200 IT,코스피 200 정보기술
283580,KODEX 차이나CSI300,CSI 300 Index
168580,ACE 중국본토CSI300,CSI 300 Index
272220,ACE 스마트모멘텀,FnGuide 스마트 모멘텀 지수
321410,KODEX 멀티에셋하이인컴(H),Morningstar Multi-Asset High Income 10% Capped Index
301400,ARIRANG 코스닥150,코스닥 150
407170,MASTER 스마트커머스액티브,FnGuide 스마트커머스 지수
275300,KODEX MSCI퀄리티,MSCI Korea IMI Quality Capped
315930,KODEX Top5PlusTR,FnGuide TOP 5 Plus Total Return 지수
289260,TIGER MSCI KOREA ESG리더스,MSCI Korea Country ESG Leaders Capped Index
152870,파워 200,코스피 200
402520,FOCUS 혁신기업액티브,코스피
325010,KODEX Fn성장,FnGuide 성장 지수(PR)
367760,KBSTAR Fn5G테크,FnGuide 5G 테크 지수
385720,TIMEFOLIO Kstock액티브,코스피
143860,TIGER 헬스케어,KRX 헬스케어
181480,ACE 미국다우존스리츠(합성 H),Dow Jones U.S. Real Estate Index
266420,KODEX 헬스케어,KRX 헬스케어
140950,파워 코스피100,코스피 100
108590,TREX 200,코스피 200
266370,KODEX IT,KRX 정보기술
174360,KBSTAR 중국본토대형주CSI100,CSI 100
245350,TIGER 유로스탁스배당30,Euro STOXX Select Dividend 30
253280,KBSTAR 헬스케어,FnGuide 헬스케어 지수
352560,KODEX 다우존스미국리츠(H),Dow Jones U.S. Real Estate PR Index
192090,TIGER 차이나CSI300,CSI 300 Index
316670,KOSEF 코스닥150,코스닥 150
395750,ARIRANG ESG가치주액티브,FnGuide 한화 ESG 가치 지수
395760,ARIRANG ESG성장주액티브,FnGuide 한화 ESG 성장 지수
333960,ARIRANG KS모멘텀가중TR,FnGuide KS 모멘텀 가중 TR 지수
229200,KODEX 코스닥150,코스닥 150
391670,HK 베스트일레븐액티브,코스피 200
280920,ARIRANG 주도업종,FnGuide 주도업종 지수
292150,TIGER TOP10,FnGuide TOP10 지수
304770,HANARO 코스닥150,코스닥 150
139310,TIGER 금속선물(H),S&P GSCI Industrial Metals Select Index(TR)
367740,HANARO Fn5G산업,FnGuide 5G 산업 지수
270810,KBSTAR 코스닥150,코스닥 150
364970,TIGER KRX바이오K-뉴딜,KRX 바이오 K-뉴딜지수
98560,TIGER 방송통신,KRX 방송통신
250730,KBSTAR 차이나HSCEI(H),Hang Seng China H
290130,KBSTAR ESG사회책임투자,KRX ESG 사회책임경영지수(S)
261140,TIGER 우선주,코스피 우선주 지수
182480,TIGER 미국MSCI리츠(합성 H),MSCI US REIT Index
251890,ACE 코스닥(합성),코스닥
159800,마이티 코스피100,코스피 100
385590,ACE ESG액티브,MSCI Korea Country ESG Leaders Custom Capped Price return Index
287180,ARIRANG 미국나스닥테크,NASDAQ 100 Technology Sector Index
354500,ACE 코스닥150,코스닥 150
298770,KODEX 한국대만IT프리미어,한국 대만 IT 프리미어지수
372330,KODEX 차이나항셍테크,Hang Seng TECH Index
310080,KBSTAR 중국MSCI China(H),MSCI China NTR Index(USD) (Net Total Return)
271050,KODEX WTI원유선물인버스(H),S&P GSCI Crude Oil Index ER
371450,TIGER 글로벌클라우드컴퓨팅INDXX,Indxx Global Cloud Computing Index(Net Total Return)
371160,TIGER 차이나항셍테크,Hang Seng TECH Index
371870,ACE 차이나항셍테크,Hang Seng TECH Index
166400,TIGER 200커버드콜5%OTM,코스피 200 커버드콜 5% OTM
394340,KOSEF 릭소글로벌디지털경제MSCI,MSCI ACWI IMI 디지털 이코노미 ESG 지수(시장가격)
289480,TIGER 200커버드콜ATM,코스피 200 커버드콜 ATM 지수
380340,ACE Fn5G플러스,FnGuide 5G플러스 지수 (시장가격)
326240,KBSTAR IT플러스,FnGuide IT플러스 지수
385710,TIMEFOLIO 이노베이션액티브,KRX BBIG K-뉴딜지수
261060,TIGER 코스닥150IT,코스닥 150 정보기술
371150,KBSTAR 차이나항셍테크,Hang Seng TECH Index
157500,TIGER 증권,FnGuide 증권 지수
395160,KODEX Fn시스템반도체,FnGuide 시스템반도체 지수
291890,KODEX MSCI EM선물(H),iEdge Emerging Markets Futures Index(ER)
217770,TIGER 원유선물인버스(H),S&P GSCI Crude Oil Index ER
329200,TIGER 리츠부동산인프라,FnGuide 리츠부동산인프라
304940,KODEX 미국나스닥100선물(H),NASDAQ 100
267440,KBSTAR 미국장기국채선물(H),S&P U.S. Treasury Bond Futures Excess Return Index
256750,KODEX 차이나심천ChiNext(합성),SZSE ChiNext Price Index
411720,KBSTAR 글로벌메타버스Moorgate,Global Metaverse Index(Price Return)
256450,ARIRANG 심천차이넥스트(합성),SZSE ChiNext Price Index
390400,KODEX 미국스마트모빌리티S&P,S&P Kensho Smart Transportation
102970,KODEX 증권,KRX 증권
385560,KBSTAR KIS국고채30년Enhanced,KIS 국고채30년Enhanced지수(시장가격)
244660,KODEX 퀄리티Plus,FnGuide 퀄리티 Plus 지수
314250,KODEX 미국FANG플러스(H),NYSE FANG+TM Index
322400,HANARO e커머스,FnGuide E커머스 지수
195980,ARIRANG 신흥국MSCI(합성 H),MSCI EM Index
381170,TIGER 미국테크TOP10 INDXX,Indxx US Tech Top 10 Index
415340,KODEX 차이나과창판STAR50(합성),STAR 50 Index(Price Return)
414780,TIGER 차이나과창판STAR50(합성),STAR 50 Index(Price Return)
395270,HANARO Fn K-반도체,FnGuide K-반도체 지수
243890,TIGER 200에너지화학레버리지,코스피 200 에너지/화학
396500,TIGER Fn반도체TOP10,FnGuide 반도체TOP10 지수
292340,마이티 200커버드콜ATM레버리지,코스피 200 커버드콜 ATM 지수
371460,TIGER 차이나전기차SOLACTIVE,Solactive China Electric Vehicle Index(Net Total Return)
244620,KODEX 모멘텀Plus,FnGuide 모멘텀 Plus 지수
261070,TIGER 코스닥150바이오테크,코스닥 150 헬스케어
400970,TIGER Fn메타버스,FnGuide 메타버스테마 지수
307510,TIGER 의료기기,FnGuide 의료기기 지수
401470,KODEX K-메타버스액티브,FnGuide K-메타버스 지수
276650,KBSTAR 글로벌4차산업IT(합성 H),S&P Global 1200 Information Technology and Interactive Media & Services(PR)
407300,HANARO Fn골프테마,FnGuide 골프 테마 지수
411050,ACE 글로벌메타버스테크액티브,Bloomberg Global Digital Media & Tech Select Price Return Index
396520,TIGER 차이나반도체FACTSET,FactSet China Semiconductor 지수(Net Total Return)
407820,에셋플러스 코리아플랫폼액티브,FnGuide 플랫폼 지수(Price Return)
123320,TIGER 레버리지,코스피 200
415760,SOL 차이나육성산업액티브(합성),STAR 50 Index(Price Return)
388420,KBSTAR 비메모리반도체액티브,iSelect 비메모리반도체 지수(시장가격지수)
253150,ARIRANG 200선물레버리지,코스피 200 선물지수
267770,TIGER 200선물레버리지,코스피 200 선물지수
152500,ACE 레버리지,코스피 200
315270,TIGER 200커뮤니케이션서비스,코스피 200 커뮤니케이션서비스
416090,ACE 중국과창판STAR50,STAR 50 Index(Price Return)
315480,KBSTAR 200커뮤니케이션서비스,코스피 200 커뮤니케이션서비스
304780,HANARO 200선물레버리지,코스피 200 선물지수
364960,TIGER KRX BBIG K-뉴딜,KRX BBIG K-뉴딜지수
252400,KBSTAR 200선물레버리지,코스피 200 선물지수
253250,KOSEF 200선물레버리지,코스피 200 선물지수
304660,KODEX 미국채울트라30년선물(H),S&P Ultra T-Bond Futures Index(ER)
244580,KODEX 바이오,FnGuide 바이오 지수
122630,KODEX 레버리지,코스피 200
395150,KODEX Fn웹툰&드라마,FnGuide 웹툰&드라마 지수
407830,에셋플러스 글로벌플랫폼액티브,S&P 500
307010,KBSTAR KRX300레버리지,KRX 300
225040,TIGER 미국S&P500레버리지(합성 H),S&P 500
401170,KBSTAR iSelect메타버스,iSelect 메타버스 지수(시장가격지수)
306950,KODEX KRX300레버리지,KRX 300
411420,KODEX 미국메타버스나스닥액티브,Nasdaq Yewno Metaverse Index (Price Return)
402460,HANARO Fn K-메타버스MZ,FnGuide K-메타버스 MZ 지수(시장가격)
157490,TIGER 소프트웨어,FnGuide 소프트웨어 지수
91230,TIGER 반도체,KRX 반도체
266360,KODEX 미디어&엔터테인먼트,KRX 미디어&엔터테인먼트
280320,ACE 미국IT인터넷S&P(합성 H),다우존스 인터넷 종합지수
91160,KODEX 반도체,KRX 반도체
412770,TIGER 글로벌메타버스액티브,Indxx Global Metaverse Index (Price Return)
306530,HANARO 코스닥150선물레버리지,F-코스닥150 지수
391590,ACE 미국스팩&IPO INDXX,Indxx SPAC & NEXTGEN IPO Price return Index
291630,KOSEF 코스닥150선물레버리지,F-코스닥150 지수
245710,ACE 베트남VN30(합성),VN30 Index(PR)
243880,TIGER 200IT레버리지,코스피 200 정보기술
278240,KBSTAR 코스닥150선물레버리지,F-코스닥150 지수
233160,TIGER 코스닥150 레버리지,코스닥 150
204480,TIGER 차이나CSI300레버리지(합성),CSI 300 Index
219900,ACE 중국본토CSI300레버리지(합성),CSI 300 Index
233740,KODEX 코스닥150레버리지,코스닥 150
334690,KBSTAR 팔라듐선물(H),S&P GSCI Palladium Excess Return Index
364990,TIGER KRX게임K-뉴딜,KRX 게임 K-뉴딜지수
267490,KBSTAR 미국장기국채선물레버리지(합성 H),S&P U.S. Treasury Bond Futures Excess Return Index
395280,HANARO Fn K-게임,FnGuide K-게임 지수
300950,KODEX 게임산업,FnGuide 게임 산업 지수
300640,KBSTAR 게임테마,WISE 게임 테마 지수 (시장가격지수)
409820,KODEX 미국나스닥100레버리지(합성 H),NASDAQ 100
225060,TIGER 이머징마켓MSCI레버리지(합성 H),MSCI EM Index
300610,TIGER K게임,WISE K게임 테마 지수
204450,KODEX 차이나H레버리지(H),Hang Seng China H
365000,TIGER KRX인터넷K-뉴딜,KRX 인터넷 K-뉴딜지수
412560,TIGER KRX BBIG K-뉴딜레버리지,KRX BBIG K-뉴딜지수
371130,ACE 베트남VN30선물블룸버그레버리지(H),Bloomberg VN30 Futures Excess Return Index
265690,ACE 러시아MSCI(합성),MSCI Russia 25% Capped Price Return Index